Джугашвили Иосиф Виссарионович (Сталин);Dzhugashvili Joseph Vissarionovich (Stalin);18.12.1878;военачальник;warlord
Адам Васильевич Олсуфьев 812;Adam Vasilievich Olsufiev 812;27.01.1921;военачальник;warlord
Александр Ярославович Невский;Alexander Yaroslavovich Nevsky;13.05.1221;военачальник;warlord
Ахромеев Сергей Федорович;Akhromeev Sergey Fedorovich;05.05.1923;военачальник;warlord
Баграмян Иван Христофорович;Bagramyan Ivan Khristoforovich;02.12.1897;военачальник;warlord
Багратион Петр Иванович;Bagration Petr Ivanovich;10.07.1765;военачальник;warlord
Барклай-де-Толли Михаил Богданович;Barclay de Tolly Mikhail Bogdanovich;27.12.1761;военачальник;warlord
Батов Павел Иванович;Batov Pavel Ivanovich;01.06.1897;военачальник;warlord
Берия Лаврентий Павлович;Beria Lavrenty Pavlovich;29.05.1899;военачальник;warlord
Блюхер Василий Константинович;Blucher Vasily Konstantinovich;01.12.1890;военачальник;warlord
Брусилов Алексей Алексеевич;Brusilov Alexey Alekseevich;31.08.1853;военачальник;warlord
Буденный Семен Михайлович;Budyonny Semyon Mikhailovich;25.04.1883;военачальник;warlord
Василевский Александр Михайлович;Vasilevsky Alexander Mikhailovich;30.09.1895;военачальник;warlord
Ватутин Николай Федеорович;Vatutin Nikolay Fedeorovitch;16.12.1901;военачальник;warlord
Вершинин Константин Андреевич;Vershinin Konstantin Andreevich;21.05.1900;военачальник;warlord
Власов Максим Григорьевич;Vlasov Maxim Grigorievich;24.08.1767;военачальник;warlord
Воронцов Михаил Семенович;Vorontsov Mikhail Semenovich;30.05.1782;военачальник;warlord
Ворошилов Клемент Ефремович;Voroshilov Klement Efremovich;04.02.1881;военачальник;warlord
Врангель Петр Николаевич;Wrangel Petr Nikolaevich;27.08.1878;военачальник;warlord
Голицын Дмитрий Владимирович;Golitsyn Dmitry Vladimirovich;29.10.1771;военачальник;warlord
Давыдов Денис Васильевич;Davydov Denis Vasilievich;27.07.1784;военачальник;warlord
Деникин Антон Иванович;Denikin Anton Ivanovich;16.12.1872;военачальник;warlord
Дибич-Забайкальский Иван Иванович;Dibich-Zabaikalsky Ivan Ivanovich;13.05.1785;военачальник;warlord
Дитерихс Михаил Константинович;Diterikhs Mikhail Konstantinovich;17.04.1874;военачальник;warlord
Дохтуров Дмитрий Сергеевич;Dokhturov Dmitry Sergeevich;12.09.1756;военачальник;warlord
Дубынин Виктор Петрович;Dubynin Viktor Petrovich;01.02.1934;военачальник;warlord
Дурова Надежда Андреевна;Durova Nadezhda Andreevna;28.09.1783;военачальник;warlord
Ермолов Алексей Петрович;Ermolov Alexey Petrovich;04.06.1777;военачальник;warlord
Жуков Георгий Константинович;Zhukov Georgy Konstantinovich;01.12.1896;военачальник;warlord
Зыгин Алексей Иванович;Zygin Alexey Ivanovich;11.04.1896;военачальник;warlord
Истомин Владимир Иванович;Istomin Vladimir Ivanovich;21.02.1810;военачальник;warlord
Каледин Алексей Максимович;Kaledin Alexey Maksimovich;24.10.1861;военачальник;warlord
Каменский Михаил Федотович;Kamensky Mikhail Fedotovich;27.12.1776;военачальник;warlord
Каппель Владимир Оскарович;Kappel Vladimir Oskarovich;16.04.1883;военачальник;warlord
Келлер Федор Артурович;Keller Fedor Arturovich;12.10.1857;военачальник;warlord
Ковпак Сидор Артемьевич;Kovpak Sidor Artemyevich;07.06.1887;военачальник;warlord
Колчак Александр Васильевич;Kolchak Alexander Vasilievich;16.11.1874;военачальник;warlord
Конев Иван Степанович;Konev Ivan Stepanovich;28.12.1897;военачальник;warlord
Корнилов Владимир Алексеевич;Kornilov Vladimir Alekseevich;13.02.1806;военачальник;warlord
Корнилов Лавр Георгиевич;Kornilov Lavr Georgievich;18.08.1870;военачальник;warlord
Котовский Григорий Иванович;Kotovsky Grigory Ivanovich;24.06.1881;военачальник;warlord
Краснов Петр Николаевич;Krasnov Petr Nikolaevich;22.09.1869;военачальник;warlord
Крымов Александр Михайлович;Krymov Alexander Mikhailovich;23.10.1871;военачальник;warlord
Кузнецов Николай Герасимович;Kuznetsov Nikolay Gerasimovich;24.07.1904;военачальник;warlord
Кульнев Яков Петрович;Kulnev Yakov Petrovich;05.08.1763;военачальник;warlord
Кутепов Александр Павлович;Kutepov Alexander Pavlovich;28.09.1882;военачальник;warlord
Кутузов Михаил Илларионович;Kutuzov Mikhail Illarionovich;16.09.1745;военачальник;warlord
Лорис - Меликов Михаил Тариэлович;Loris - Melikov Mikhail Tarielovich;31.10.1824;военачальник;warlord
Май-Маевский Владимир Зенонович;May-Mayevsky Vladimir Zenonovich;15.09.1867;военачальник;warlord
Макаров Степан Осипович;Makarov Stepan Osipovich;08.01.1849;военачальник;warlord
Малиновский Родион Яковлевич;Malinovsky Rodion Yakovlevich;10.11.1898;военачальник;warlord
Махно Нестор Иванович;Makhno Nestor Ivanovich;26.10.1888;военачальник;warlord
Меньшиков Александр Данилович;Menshikov Alexander Danilovich;06.11.1673;военачальник;warlord
Мерецков Кирилл Афанасьевич;Meretskov Kirill Afanasyevich;07.06.1897;военачальник;warlord
Милорадович Михаил Андреевич;Miloradovich Mikhail Andreevich;12.10.1771;военачальник;warlord
Мордвинов Николай Семенович;Mordvinov Nikolay Semenovich;28.04.1754;военачальник;warlord
Москаленко Кирилл Семенович;Moskalenko Kirill Semenovich;11.05.1902;военачальник;warlord
Нахимов Павел Степанович;Nakhimov Pavel Stepanovich;05.07.1802;военачальник;warlord
Паскевич Иван Федорович;Paskevich Ivan Fedorovich;19.05.1782;военачальник;warlord
Пестель Павел Иванович;Pestel Pavel Ivanovich;24.06.1793;военачальник;warlord
Петров Василий Степанович;Petrov Vasily Stepanovich;05.03.1922;военачальник;warlord
Платов Матвей Иванович;Platov Matvey Ivanovich;08.08.1753;военачальник;warlord
Плеве Павел Адамович;Pleve Pavel Adamovich;30.06.1850;военачальник;warlord
Потемкин Григорий Александрович;Potemkin Grigory Alexandrovich;24.09.1939;военачальник;warlord
Протасов Алексей Андрианович;Protasov Alexey Andrianovich;12.09.1780;военачальник;warlord
Раевский Николай Николаевич;Raevsky Nikolai Nikolaevich;14.09.1771;военачальник;warlord
Родзянко Александр Павлович;Rodzianko Alexander Pavlovich;18.08.1879;военачальник;warlord
Рокоссовский Константин Константинович;Rokossovsky Konstantin Konstantinovich;21.12.1896;военачальник;warlord
Романовский Иван Павлович;Romanovsky Ivan Pavlovich;16.04.1877;военачальник;warlord
Ротмистров Павел Алексеевич;Rotmistrov Pavel Alekseevich;06.07.1901;военачальник;warlord
Рохлин Лев Яковлевич;Rokhlin Lev Yakovlevich;06.06.1947;военачальник;warlord
Румянцев - Задунайский Петр Александрович;Rumyantsev - Zadunaysky Petr Aleksandrovich;15.01.1725;военачальник;warlord
Семенов Григорий Михайлович;Semenov Grigory Mikhailovich;25.09.1890;военачальник;warlord
Сенявин Дмитрий Николаевич;Senyavin Dmitry Nikolaevich;17.08.1763;военачальник;warlord
Слащев Яков Александрович;Slashchev Yakov Alexandrovich;10.01.1886;военачальник;warlord
Старинов Илья Григорьевич;Starinov Ilya Grigorievich;02.08.1900;военачальник;warlord
Суворов Александр Васильевич;Suvorov Alexander Vasilievich;24.11.1730;военачальник;warlord
Судоплатов Павел Анатольевич;Sudoplatov Pavel Anatolievich;07.07.1907;военачальник;warlord
Султан-Гирей Клыч;Sultan-Girey Klych;15.03.1880;военачальник;warlord
Тимошенко Семен Константинович;Timoshenko Semyon Konstantinovich;18.02.1895;военачальник;warlord
Тимур Тарагай Барлас (Тамерлан) ;Timur Taragai Barlas (Tamerlane);09.04.1336;военачальник;warlord
Толбухин Федор Иванович ;Tolbukhin Fedor Ivanovich;16.06.1894 ;военачальник;warlord
Тухачевский Михаил Николаевич;Tukhachevsky Mikhail Nikolaevich;16.02.1893;военачальник;warlord
Тучков Николай Алексеевич;Tuchkov Nikolay Alekseevich;27.04.1765;военачальник;warlord
Ушаков Федор Федорович;Ushakov Fedor Fedorovich;24.02.1745;военачальник;warlord
Фрунзе Михаил Васильевич;Frunze Mikhail Vasilievich;02.02.1885;военачальник;warlord
Храповицкий Матвей Евграфович;Khrapovitsky Matvey Evgrafovich;09.08.1784;военачальник;warlord
Цицианов Павел Дмитриевич;Tsitsianov Pavel Dmitrievich;19.09.1754;военачальник;warlord
Чапаев Василий Иванович;Chapaev Vasily Ivanovich;28.01.1887;военачальник;warlord
Черняховский Иван Данилович;Chernyakhovsky Ivan Danilovich;16.06.1906;военачальник;warlord
Чуйков Василий Иванович;Chuikov Vasily Ivanovich;12.02.1900;военачальник;warlord
Шапошников Борис Михайлович;Shaposhnikov Boris Mikhailovich;02.10.1882;военачальник;warlord
Шкуро Андрей Григорьевич;Shkuro Andrey Grigorievich;19.01.1887;военачальник;warlord
Шмидт Владимир Петрович;Shmidt Vladimir Petrovich;27.02.1827;военачальник;warlord
Щербатов Алексей Григорьевич;Shcherbatov Alexey Grigorievich;05.03.1776;военачальник;warlord
Щерс Николай Александрович;Shchers Nikolay Alexandrovich;06.06.1895;военачальник;warlord
Юденич Николай Николаевич;Yudenich Nikolai Nikolaevich;30.07.1862;военачальник;warlord
Ямамото Исороку;Yamamoto Isoroku;18.04.1943;военачальник;warlord
Джордж Паттон;George Patton;11.11.1885;военачальник;warlord
Томоюки Ямасита ;Tomoyuki Yamashita;08.11.1885;военачальник;warlord
Маннергейм Карл Густав Эмиль Фон ;Mannerheim Carl Gustav Emil Von;04.06.1867;военачальник;warlord
Эрих фон Манштейн;Erich von Manstein;24.11.1887;военачальник;warlord
Чан Кайши (Цзян Цзеши) ;Chiang Kai-shek (Jiang Jieshi);31.10.1887;военачальник;warlord
Монтгомери Аламейнский Бернард Лоу;Montgomery of Alamein Bernard Law;17.11.1887;военачальник;warlord
Гудериан Хайнц Вильгельм ;Guderian Heinz Wilhelm;17.06.1888;военачальник;warlord
Эйзенхауэр Дуайт Дэвид ;Eisenhower Dwight David;14.10.1890;военачальник;warlord
Эрвин Роммель;Erwin Rommel;15.11.1891;военачальник;warlord
Брэдли Омар Нельсон ;Bradley Omar Nelson;12.02.1893;военачальник;warlord
Амосов Николай Михайлович;Amosov Nikolay Mikhailovich;06.12.1913;медик;medic
Склифасовский Николай Васильевич;Sklifasovsky Nikolay Vasilievich;25.03.1836;медик;medic
Кандинский Виктор Хрисанфович;Kandinsky Viktor Khrisanfovich;06.04.1849;медик;medic
Мясников Александр Леонидович;Myasnikov Alexander Leonidovich;18.09.1899;медик;medic
Бехтерев Владимир Михайлович;Bekhterev Vladimir Mikhailovich;20.01.1857;медик;medic
Павлов Иван Петрович;Pavlov Ivan Petrovich;26.09.1849;медик;medic
Тарханов Иван Романович;Tarkhanov Ivan Romanovich;03.06.1846;медик;medic
Боткин Сергей Петрович;Botkin Sergey Petrovich;17.09.1832;медик;medic
Сеченов Иван Михайлович;Sechenov Ivan Mikhailovich;13.08.1829;медик;medic
Захарьин Григорий Антонович;Zakharyin Grigory Antonovich;08.02.1829;медик;medic
Пирогов Николай Иванович;Pirogov Nikolay Ivanovich;25.11.1810;медик;medic
Пшеничнов Алексей Васильевич;Pshenichnov Alexey Vasilievich;23.03.1900;медик;medic
Бакулев Александр Николаевич;Bakulev Alexander Nikolaevich;25.11.1890;медик;medic
Ермольева Зинаида Виссарионовна;Ermolyeva Zinaida Vissarionovna;27.10.1898;медик;medic
Сухарева Груня Ефимовна;Sukhareva Grunya Efimovna;11.11.1891;медик;medic
Богомолец Александр Александрович;Bogomolets Alexander Alexandrovich;24.05.1881;медик;medic
Рогозов Леонид Иванович;Rogozov Leonid Ivanovich;14.03.1943;медик;medic
Войно-Ясенецкий Валентин Феликсович ;Voino-Yasenetsky Valentin Feliksovich;09.05.1877;медик;medic
Филатов Владимир Петрович;Filatov Vladimir Petrovich;15.02.1875;медик;medic
Сеченов Иван Михайлович;Sechenov Ivan Mikhailovich;13.08.1829;медик;medic
Мечников Илья Ильич;Mechnikov Ilya Ilyich;15.05.1845;медик;medic
Федоров Святослав Николаевич;Fedorov Svyatoslav Nikolaevich;08.08.1927;медик;medic
Хавкин Владимир Аронович;Khavkin Vladimir Aronovich;15.03.1860;медик;medic
Илизаров Гавриил Абрамович;Ilizarov Gabriel Abramovich;15.07.1921;медик;medic
Юдин Сергей Сергеевич;Yudin Sergey Sergeevich;09.10.1891;медик;medic
Крепелин Эмиль;Kraepelin Emil;15.02.1856;медик;medic
Эдвард Дженнер ;Edward Jenner;17.05.1749;медик;medic
Уильям Ослер ;William Osler;12.07.1849;медик;medic
Зигмунд Фрейд ;Sigmund Freud;06.05.1856;медик;medic
Луи Пастер ;Louis Pasteur;27.12.1822;медик;medic
Элизабет Блэквелл ;Elizabeth Blackwell;03.02.1821;медик;medic
Парацельс  Филипп Ауреол;Paracelsus Philip Aureolus;10.11.1493;медик;medic
Джозеф Листер;Joseph Lister;05.04.1827;медик;medic
Джон Сноу ;Jon Snow;15.03.1813;медик;medic
Рене Лаэннек ;Rene Laennec;17.02.1781;медик;medic
Филатов Леонид Алексеевич;Filatov Leonid Alekseevich;24.12.1946;актер;actor
Левитан Юрий Борисович;Levitan Yuri Borisovich;02.10.1914;актер;actor
Миронов Андрей Александрович;Mironov Andrey Alexandrovich;07.03.1941;актер;actor
Хабенский Константин Юрьевич;Khabensky Konstantin Yurievich;11.01.1972;актер;actor
Шукшин Васий Макарович;Shukshin Vasily Makarovich;25.07.1929;актер;actor
Станиславский Константин Сергеевич;Stanislavsky Konstantin Sergeevich;17.01.1863;актер;actor
Пореченков Михаил Евгеньевич;Porechenkov Mikhail Evgenievich;02.03.1969;актер;actor
Райкин Аркадий Исаакович;Raikin Arkady Isaakovich;24.10.1911;актер;actor
Маслюков Александр Васильевич;Maslyukov Alexander Vasilievich;24.11.1941;актер;actor
Ланавой Василий Семенович;Lanavoy Vasily Semenovich;16.01.1934;актер;actor
Алферова Ирина Ивановна;Alferova Irina Ivanovna;13.03.1951;актер;actor
Гундарева Наталья Георгиевна;Gundareva Natalya Georgievna;28.08.1948;актер;actor
Миронов Евгений Витальевич;Mironov Evgeniy Vitalievich;29.11.1966;актер;actor
Меньшиков Олег Евгеньевич;Menshikov Oleg Evgenievich;08.11.1960;актер;actor
Галкин Владислав Борисович;Galkin Vladislav Borisovich;25.12.1971;актер;actor
Горбунов Алексей Сергеевич;Gorbunov Alexey Sergeevich;29.10.1961;актер;actor
Нагиев Дмитрий Владимирович;Nagiev Dmitry Vladimirovich;04.04.1967;актер;actor
Боярский Михаил Сергеевич;Boyarsky Mikhail Sergeevich;26.12.1949;актер;actor
Машков Владимир Львович;Mashkov Vladimir Lvovich;27.11.1963;актер;actor
Белявский Александр Борисович;Belyavsky Alexander Borisovich;06.05.1932;актер;actor
Деревянко Павел Юрич;Derevianko Pavel Yurich;02.07.1976;актер;actor
Михалков Никита Сергеевич;Mikhalkov Nikita Sergeevich;21.10.1945;актер;actor
Менакер Александр Семенович;Menaker Alexander Semenovich;08.04.1913;актер;actor
Миронова Мария Владимировна;Mironova Maria Vladimirovna;06.01.1911;актер;actor
Баселашвили Олег Валерианович;Baselashvili Oleg Valerianovich;26.09.1934;актер;actor
Абдулов Александр Гаврилович;Abdulov Alexander Gavrilovich;29.05.1953;актер;actor
Рыбников Николай Николаевич;Rybnikov Nikolay Nikolaevich;13.12.1930;актер;actor
Калныныш Ивар Эдмундович;Kalnynysh Ivar Edmundovich;01.08.1948;актер;actor
Сергей Викторович Жигунов;Sergey Viktorovich Zhigunov;02.01.1963;актер;actor
Заваротнюк Анастасия Викторовна;Zavarotnyuk Anastasia Viktorovna;03.04.1971;актер;actor
Дягилев Сергей Павлович;Diaghilev Sergei Pavlovich;31.03.1872;актер;actor
Ефремов Михаил Олегович;Efremov Mikhail Olegovich;10.11.1963;актер;actor
Караченцев Николай Петрович;Karachentsev Nikolay Petrovich;27.10.1944;актер;actor
Гафт Валентин Иосифович;Gaft Valentin Iosifovich;02.09.1935;актер;actor
Джигорхонян Армен Борисович;Dzhigorkhonyan Armen Borisovich;03.10.1935;актер;actor
Соломин Виталий Мефодьевич;Solomin Vitaly Methodievich;12.12.1941;актер;actor
Удовиченко Лариса Ивановна;Udovichenko Larisa Ivanovna;29.04.1955;актер;actor
Ренард-Кио Эмиль Эмильевич;Renard-Keogh Emil Emilievich;12.06.1938;актер;actor
Добржанская Любовь Ивановна;Dobzhanskaya Lyubov Ivanovna;24.12.1905;актер;actor
Глузский Михаил Андреевич;Gluzsky Mikhail Andreevich;21.11.1918;актер;actor
Голубкина Лариса Ивановна;Golubkina Larisa Ivanovna;09.03.1940;актер;actor
Градова Екатерина Георгиевна;Gradova Ekaterina Georgievna;06.10.1946;актер;actor
Володин Владимир Сергеевич;Volodin Vladimir Sergeevich;08.07.1891;актер;actor
Зеленаяя Екатерина Васильевна (Рина Зеленая);Zelenaya Ekaterina Vasilievna (Rina Zelenaya);07.11.1901;актер;actor
Никулин Юрий Владимирович;Nikulin Yuri Vladimirovich;18.12.1921;актер;actor
Папанов Анатолий Дмитриевич;Papanov Anatoly Dmitrievich;31.10.1922;актер;actor
Пуговкин Михаил Иванович;Pugovkin Mikhail Ivanovich;13.06.1923;актер;actor
Смирнов Алексей Макарович;Smirnov Alexey Makarovich;28.02.1920;актер;actor
Смоктуновский Иннокентий Михайлович;Smoktunovsky Innokenty Mikhailovich;28.03.1925;актер;actor
Юматов Георгий Александрович;Yumatov Georgy Alexandrovich;11.03.1926;актер;actor
Весник Евгений Яковлевич;Vesnik Evgeniy Yakovlevich;15.01.1923;актер;actor
Зорин Валентин Сергеевич;Zorin Valentin Sergeevich;09.02.1925;актер;actor
Гуляев Владимир Леонидович;Gulyaev Vladimir Leonidovich;30.10.1924;актер;actor
Быстрицкая Элина Авраамовна;Bystritskaya Elina Avraamovna;04.04.1928;актер;actor
Бондарчук Сергей Федорович;Bondarchuk Sergey Fedorovich;25.09.1920;актер;actor
Сичкин Борис Михайлович;Sichkin Boris Mikhailovich;15.08.1922;актер;actor
Ростоцкий Станислав Иосифович;Rostotsky Stanislav Iosifovich;21.04.1922;актер;actor
Чухрай Григорий Наумович;Chukhrai Grigory Naumovich;23.05.1921;актер;actor
Макарова Инна Владимировна;Makarova Inna Vladimirovna;28.07.1926;актер;actor
Жженов Георгий Степанович;Zhzhenov Georgy Stepanovich;22.03.1915;актер;actor
Белохвостикова Наталья Николаевна;Belokhvostikova Natalya Nikolaevna;28.07.1951;актер;actor
Галкин Максим Александрович;Galkin Maxim Alexandrovich;18.06.1976;актер;actor
Фарада Семен Львович;Farada Semyon Lvovich;31.12.1933;актер;actor
Ульянова Инна Ивановна;Ulyanova Inna Ivanovna;30.06.1934;актер;actor
Калягин Александр Александрович;Kalyagin Alexander Alexandrovich;25.05.1942;актер;actor
Славина Зинаида Анатольевна;Slavina Zinaida Anatolevna;06.04.1940;актер;actor
Шацкая Нина Сергеевна;Shatskaya Nina Sergeevna;16.03.1940;актер;actor
Певцов Дмитрий Анатольевич;Pevtsov Dmitry Anatolievich;08.07.1963;актер;actor
Бортник Иван Сергеевич;Bortnik Ivan Sergeevich;16.04.1939;актер;actor
Пороховщиков Александр Шалвович;Porokhovshchikov Alexander Shalvovich;31.01.1939;актер;actor
Ярмольник Леонид Исаакович;Yarmolnik Leonid Isaakovich;22.01.1954;актер;actor
Смехова Алика Вениаминовна;Smekhova Alika Veniaminovna;27.03.1968;актер;actor
Этуш Владимир Абрамович;Etush Vladimir Abramovich;06.05.1922;актер;actor
Абдулов Всеволод Осипович;Abdulov Vsevolod Osipovich;29.12.1942;актер;actor
Захаров Марк Анатольевич;Zakharov Mark Anatolievich;13.10.1933;актер;actor
Дятлов Евгений Валерьевич;Dyatlov Evgeniy Valerievich;02.03.1963;актер;actor
Старыгин Игорь Владимирович;Starygin Igor Vladimirovich;13.06.1946;актер;actor
Смирницкий Валентин Георгиевич;Smirnitsky Valentin Georgievich;10.06.1944;актер;actor
Фрейндлих Алиса Бруновна;Freundlich Alisa Brunovna;08.12.1934;актер;actor
Терехова Маргарита Борисовна;Terekhova Margarita Borisovna;25.08.1942;актер;actor
Табаков Олег Павлович;Tabakov Oleg Pavlovich;17.08.1935;актер;actor
Дуров Лев Константинович;Durov Lev Konstantinovich;23.12.1931;актер;actor
Клюев Борис Владимирович;Klyuev Boris Vladimirovich;13.07.1944;актер;actor
Кузнецов Алексей глебович;Kuznetsov Alexey Glebovich;14.05.1941;актер;actor
Дубровин Юрий Дмитриевич;Dubrovin Yuri Dmitrievich;01.08.1939;актер;actor
Шерстнев Юрий Борисович;Sherstnev Yuri Borisovich;24.04.1941;актер;actor
Каневский Леонид Семенович;Kanevsky Leonid Semenovich;02.05.1939;актер;actor
Долинский Владимир Абрамович;Dolinsky Vladimir Abramovich;20.04.1944;актер;actor
Довженко Александр Петрович;Dovzhenko Alexander Petrovich;10.09.1894;актер;actor
Ульянов Михаил Александрович;Ulyanov Mikhail Alexandrovich;20.11.1927;актер;actor
Пучков Дмитрий Юрьевич;Puchkov Dmitry Yurievich;02.08.1961;актер;actor
Шаляпин Федор Иванович;Shalyapin Fedor Ivanovich;13.02.1873;актер;actor
Кончаловский Андрей Сергеевич;Konchalovsky Andrey Sergeevich;21.08.1937;актер;actor
Сара Бернар ;Sarah Bernhardt Sarah Bernhardt;22.10.1844;актер;actor
Мешель Мерсье;Mechelle Mercier;01.01.1939;актер;actor
Хеди Ламарр;Hedy Lamarr;09.11.1914;актер;actor
Айседора Дункан;Isadora Duncan;21.05.1877;актер;actor
Мерелин Монро;Marilyn Monroe;01.06.1926;актер;actor
Вивьен Ли;Vivien Leigh;05.11.1913;актер;actor
Леди Диана;Lady Diana;01.07.1961;актер;actor
Софи Лорен;Sophi Loren;20.09.1934;актер;actor
Хамфри Богарт;Humphrey Bogart;25.12.1899;актер;actor
Кэри Грант;Cary Grant;18.01.1904;актер;actor
Джеймс Стюарт;James Stewart;20.05.1908;актер;actor
Кэтрин Хепбёрн;Katharine Hepburn;29.06.2003;актер;actor
Бетт Дейвис;Bette Davis;05.04.1908;актер;actor
Одри Хепбёрн;Audrey Hepburn;04.05.1929;актер;actor
Ингрид Бергман;Ingrid Bergman;29.08.1982;актер;actor
Фред Астер;Fred Astaire;10.05.1899;актер;actor
Грета Гарбо;Greta Garbo;18.09.1905;актер;actor
Генри Фонда;Henry Fonda;16.05.1905;актер;actor
Кларк Гейбл;Clark Gable;16.11.1960;актер;actor
Элизабет Тейлор;Elizabeth Taylor;27.02.1932;актер;actor
Джеймс Кэгни;James Cagney;17.07.1899;актер;actor
Джуди Гарленд;Judy Garland;10.06.1922;актер;actor
Спенсер Трейси;Spencer Tracy;05.04.1900 ;актер;actor
Марлен Дитрих;Marlene Dietrich;27.12.1901;актер;actor
Чарльз Чаплин;Charles Chaplin;25.12.1977;актер;actor
Джоан Кроуфорд;Joan Crawford;23.03.1904;актер;actor
Гэри Купер;Gary Cooper;07.05.1901;актер;actor
Барбара Стэнвик;Barbara Stanwyck;16.07.1907;актер;actor
Сахаров Андрей Дмитриевич;Sakharov Andrey Dmitrievich;21.05.1921;ученый;scientist
Ломоносов Михаил Васильевич;Lomonosov Mikhail Vasilievich;19.11.1711;ученый;scientist
Калашников Михаил Тимофеевич;Kalashnikov Mikhail Timofeevich;10.11.1919;ученый;scientist
Миль Михаил Леонтьевич;Mil Mikhail Leontievich;22.11.1909;ученый;scientist
Лавочкин Семен Алексеевич;Lavochkin Semyon Alekseevich;11.09.1900;ученый;scientist
Ильюшин Сергей Владимирович;Ilyushin Sergey Vladimirovich;30.03.1894;ученый;scientist
Мясищев Владимир Михайлович;Myasishchev Vladimir Mikhailovich;28.09.1902;ученый;scientist
Сикорский Игорь Иванович;Sikorsky Igor Ivanovich;25.05.1889;ученый;scientist
Туполев Андрей Николаевич;Tupolev Andrey Nikolaevich;10.11.1888;ученый;scientist
Сухой Павел Осипович;Sukhoi Pavel Osipovich;22.07.1895;ученый;scientist
Марков Моисей Александрович;Markov Moisey Alexandrovich;13.05.1908;ученый;scientist
Гинзбург Виталий Лазаревич;Ginzburg Vitaly Lazarevich;21.09.1916;ученый;scientist
Старобинский Алексей Александрович;Starobinsky Alexey Alexandrovich;19.04.1948;ученый;scientist
Амосов Николай Михайлович;Amosov Nikolay Mikhailovich;06.12.1913;ученый;scientist
Капица Сергей Петрович;Kapitsa Sergey Petrovich;14.02.1928;ученый;scientist
Алферов Жорес Иванович;Alferov Zhores Ivanovich;15.03.1930;ученый;scientist
Ландау Лев Давидович;Landau Lev Davidovich;22.01.1908;ученый;scientist
Перельман Григорий Яковлевич;Perelman Grigory Yakovlevich;13.06.1966;ученый;scientist
Новоселов Константин Сергеевич;Novoselov Konstantin Sergeevich;23.08.1974;ученый;scientist
Менделеев Дмитрий Иванович;Mendeleev Dmitry Ivanovich;08.02.1834;ученый;scientist
Велихов Евгений Павлович;Velikhov Evgeniy Pavlovich;02.02.1935;ученый;scientist
Складовская Кюри Мария Соломея;Skladovskaya Curie Maria Solomeya;07.11.1867;ученый;scientist
Дроздов Николай Николаевич;Drozdov Nikolai Nikolaevich;20.06.1937;ученый;scientist
Боголюбов Николай Николаевич;Bogolyubov Nikolai Nikolaevich;21.08.1990;ученый;scientist
Харитон Юлий Борисович;Khariton Yuliy Borisovich;27.02.1904;ученый;scientist
Антонов Олег Константинович;Antonov Oleg Konstantinovich;25.01.1906;ученый;scientist
Поликарпов Николай Николаевич;Polikarpov Nikolay Nikolaevich;08.06.1892;ученый;scientist
Яковлев Александр Сергеевич;Yakovlev Alexander Sergeevich;19.03.1906;ученый;scientist
Микоян Артем Иванович;Mikoyan Artem Ivanovich;05.08.1905;ученый;scientist
Камов Николай Ильич;Kamov Nikolay Ilyich;14.09.1902;ученый;scientist
Климов Владимир Яковлевич;Klimov Vladimir Yakovlevich;11.07.1892;ученый;scientist
Болховитинов Виктор Федорович;Bolkhovitinov Viktor Fedorovich;23.01.1899;ученый;scientist
Гудков Михаил Иванович;Gudkov Mikhail Ivanovich;08.12.1904;ученый;scientist
Чижевский Владимир Антонович;Chizhevsky Vladimir Antonovich;30.03.1899;ученый;scientist
Кошкин Михаил Ильич;Koshkin Mikhail Ilyich;03.12.1898;ученый;scientist
Циалковский Константин Эдуардович;Tsialkovsky Konstantin Eduardovich;17.09.1857;ученый;scientist
Оганесян Юрий Цолакович;Oganesyan Yuri Tsolakovich;14.04.1933;ученый;scientist
Ковалевская Софья Васильевна;Kovalevskaya Sofya Vasilievna;15.01.1850;ученый;scientist
Лобачевский Николай Иванович;Lobachevsky Nikolai Ivanovich;01.12.1792;ученый;scientist
Чебышев Пафнутий Львович;Chebyshev Pafnutiy Lvovich;16.05.1821;ученый;scientist
Павлов Иван Петрович;Pavlov Ivan Petrovich;26.09.1849;ученый;scientist
Королев Сергей Павлович;Korolev Sergey Pavlovich;12.01.1907;ученый;scientist
Вернадский Владимир Иванович;Vernadsky Vladimir Ivanovich;28.02.1863;ученый;scientist
Жуковский Николай Егорович;Zhukovsky Nikolay Egorovich;17.01.1847;ученый;scientist
Теймураз Багратиони;Teimuraz Bagrationi;23.04.1872;ученый;scientist
Курчатов Игорь Васильевич;Kurchatov Igor Vasilievich;12.01.1903;ученый;scientist
Кузнецов Николай Дмитриевич;Kuznetsov Nikolay Dmitrievich;23.06.1911;ученый;scientist
Левашев Николай Викторович;Levashev Nikolay Viktorovich;08.02.1961;ученый;scientist
Сергей Иванович Мосин;Sergei Ivanovich Mosin;14.04.1849;ученый;scientist
Федор Васильевич Токарев;Fedor Vasilievich Tokarev;14.06.1871;ученый;scientist
Василий Алексеевич Дегтярев;Vasily Alekseevich Degtyarev;2.01.1880;ученый;scientist
Георгий Семенович Шпагин;Georgy Semenovich Shpagin;29.04.1897;ученый;scientist
Николай Федорович Макаров;Nikolai Fedorovich Makarov;22.05.1915;ученый;scientist
Евгений Федорович Драгунов;Evgeny Fedorovich Dragunov;20.02.1920;ученый;scientist
Игорь Яковлевич Стечкин;Igor Yakovlevich Stechkin;15.11.1922;ученый;scientist
Аркадий Георгиевич Шипунов;Arkady Georgievich Shipunov;07.11.1927;ученый;scientist
Владимир Александрович Ярыгин;Vladimir Aleksandrovich Yarygin;01.04.1950;ученый;scientist
Владимир Григорьевич Федоров;Vladimir Grigorievich Fedorov;3.05.1874;ученый;scientist
Семен Владимирович Владимиров;Semyon Vladimirovich Vladimirov;3.02.1895;ученый;scientist
Петр Иванович Сердюков;Petr Ivanovich Serdyukov;08.12.1945;ученый;scientist
Нартов Андрей Константинович;Nartov Andrey Konstantinovich;28.03.1693;ученый;scientist
Барановский Владимир Степанович;Baranovsky Vladimir Stepanovich;13.09.1846;ученый;scientist
Грабин Василий Гаврилович;Grabin Vasily Gavrilovich;09.01.1900;ученый;scientist
Глушко Валентин Петрович;Glushko Valentin Petrovich;02.09.1908;ученый;scientist
Челомей Владимир Николаевич;Chelomey Vladimir Nikolaevich;30.06.1914;ученый;scientist
Пилюгин Николай Алексеевич;Pilyugin Nikolay Alekseevich;05.08.1908;ученый;scientist
Макеев Виктор Петрович;Makeev Viktor Petrovich;14.10.1963;ученый;scientist
Решетнёв Михаил Федорович;Reshetnev Mikhail Fedorovich;10.11.1924;ученый;scientist
Бармин Владимир Павлович;Barmin Vladimir Pavlovich;17.03.1909;ученый;scientist
Исаев Алексей Михайлович;Isaev Alexey Mikhailovich;11.10.1908;ученый;scientist
Янгель Михаил Кузьмич;Yangel Mikhail Kuzmich;25.10.1971;ученый;scientist
Кошкин Михаил Ильич;Koshkin Mikhail Ilyich;03.12.1898;ученый;scientist
Кучеренко Петр Александрович;Kucherenko Petr Alexandrovich;03.05.1977;ученый;scientist
Морозов Николай Андреевич;Morozov Nikolay Andreevich;07.07.1854;ученый;scientist
Бубнов Александр Викторович;Bubnov Alexander Viktorovich;10.10.1955;ученый;scientist
Ковалев Сергей Николаевич;Kovalev Sergey Nikolaevich;17.03.1962;ученый;scientist
Аверкиев Александр Александрович;Averkiev Alexander Alexandrovich;27.02.1980;ученый;scientist
Азаров Николай Янович;Azarov Nikolay Yanovich;17.12.1947;ученый;scientist
Роман Осипович Якобсон;Roman Osipovich Yakobson;29.09.1896;ученый;scientist
Шиллинг Павел Львович;Shilling Pavel Lvovich;05.04.1786;ученый;scientist
Иван Иванович фон Фицтум;Ivan Ivanovich von Fitzthum;26.07.1761;ученый;scientist
Юрий Николаевич Григорович;Yuri Nikolaevich Grigorovich;02.01.1927;ученый;scientist
Купенский Борис Израилевич;Kupensky Boris Izrailevich;23.11.1916;ученый;scientist
Павел Осипович Сухой;Pavel Osipovich Sukhoi;22.07.1895;ученый;scientist
Петляков Владимир Михайлович;Petlyakov Vladimir Mikhailovich;15.06.1891;ученый;scientist
Мясищева Мария Владимировна;Myasishcheva Maria Vladimirovna;20.06.1930;ученый;scientist
Андрей Александрович Архангельский;Andrey Alexandrovich Arkhangelsky;23.10.1846;ученый;scientist
Яков Моисеевич Гаккель;Yakov Moiseevich Gakkel;30.04.1874;ученый;scientist
Александр Федорович Можайский;Alexander Fedorovich Mozhaisky;21.03.1825;ученый;scientist
Олег Константинович Антонов;Oleg Konstantinovich Antonov;07.02.1906;ученый;scientist
Андрей Александрович Архангельский;Andrey Alexandrovich Arkhangelsky;23.10.1846;ученый;scientist
Роберт Людвигович Бартини;Robert Ludwigovich Bartini;14.05.1987;ученый;scientist
Радий Александрович Беляков;Radiy Aleksandrovich Belyakov;04.03.1919;ученый;scientist
Василий Федорович Болховитинов;Vasily Fedorovich Bolkhovitinov;04.02.1899;ученый;scientist
Дмитрий Павлович Григорович;Dmitry Pavlovich Grigorovich;25.01.1883;ученый;scientist
Михаил Иосифович Гуревич;Mikhail Iosifovich Gurevich;12.01.1983;ученый;scientist
Сергей Владимирович Ильюшин;Sergey Vladimirovich Ilyushin;30.03.1894;ученый;scientist
Никита Иванович Камов;Nikita Ivanovich Kamov;14.09.1902;ученый;scientist
Семён Алексеевич Лавочкин;Semyon Alekseevich Lavochkin;11.09.1900;ученый;scientist
Артём Иванович Микоян;Artyom Ivanovich Mikoyan;25.11.1895;ученый;scientist
Михаил Леонтьевич Миль;Mikhail Leontievich Mil;22.11.1909;ученый;scientist
Владимир Михайлович Мясищев;Vladimir Mikhailovich Myasishchev;28.09.1902;ученый;scientist
Владимир Михайлович Петляков;Vladimir Mikhailovich Petlyakov;15.06.1891;ученый;scientist
Игорь Иванович Сикорский;Igor Ivanovich Sikorsky;25.05.1889;ученый;scientist
Павел Осипович Сухой;Pavel Osipovich Sukhoi;22.07.1895;ученый;scientist
Андрей Николаевич Туполев;Andrey Nikolaevich Tupolev;20.05.1925;ученый;scientist
Александр Сергеевич Яковлев;Alexander Sergeevich Yakovlev;19.03.1906;ученый;scientist
Игорь Георгиевич Бубнов;Igor Georgievich Bubnov;18.01.1872;ученый;scientist
Ковалев Сергей Никитич;Kovalev Sergey Nikitich;15.08.1919;ученый;scientist
Томас Эдисон;Thomas Edison;11.02.1847;ученый;scientist
Никола Тесла;Nikola Tesla;10.07.1856;ученый;scientist
Александр Белл;Alexander Bell;03.03.1847;ученый;scientist
Орвилл и Уилбур Райты;Orville and Wilbur Wright;24.08.1871;ученый;scientist
Генри Форд;Henry Ford;30.07.1863;ученый;scientist
Чарльз Бэббидж;Charles Babbage;26.12.1791;ученый;scientist
Ада Лавлейс;Ada Lovelace;10.12.1815;ученый;scientist
Исаак Ньютон;Isaac Newton;04.01.1643;ученый;scientist
Джеймс Уатт;James Watt;19.01.1736;ученый;scientist
Леонардо Да Винчи;Leonardo Da Vinci;15.04.1452;ученый;scientist
Романов Петр Алексеевич;Romanov Petr Alekseevich;09.06.1672;политик;politician
Иван Васильевич Грозный;Ivan 4 Vasilievich Grozny;25.08.1530;политик;politician
Романов Николай Александрович;Romanov Nikolay Alexandrovich;18.05.1868;политик;politician
Столыпин Петр Аркадьевич;Stolypin Petr Arkadevich;14.04.1862;политик;politician
Екатерина  Алексеевна Великая;Ekaterina Alekseevna the Great;02.05.1729;политик;politician
Павел Петрович Романов;Pavel Petrovich Romanov;01.10.1754;политик;politician
Петр Федорович Гольштейн-Готторп;Petr Fedorovich Holstein-Gottorp;05.01.1762;политик;politician
Дзержинский Феликс Эдмундович;Dzerzhinsky Felix Edmundovich;11.09.1877;политик;politician
Владимир Ильич Ульянов ;Vladimir Ilyich Ulyanov ;22.04.1870;политик;politician
Хрущев Никита Сергеевич;Khrushchev Nikita Sergeevich;15.04.1894;политик;politician
Джугашвили Иосиф Виссарионович (Сталин);Dzhugashvili Joseph Vissarionovich (Stalin);18.12.1878;политик;politician
Троцкий Лев Давидович;Trotsky Lev Davidovich;07.11.1879;политик;politician
Воронцова-Дашкова Екатерина Романовна;Vorontsova-Dashkova Ekaterina Romanovna;28.03.1743;политик;politician
Путин Владимир Владимирович;Putin Vladimir Vladimirovich;07.10.1952;политик;politician
Апраксин Федор Матвеевич;Apraksin Fedor Matveevich;27.10.1661;политик;politician
Иван Васильевич Великий;Ivan Vasilievich the Great;22.01.1440;политик;politician
Романов Михаил Федорович;Romanov Mikhail Fedorovich;22.07.1956;политик;politician
Романов Алексей Михайлович;Romanov Alexey Mikhailovich;29.03.1629;политик;politician
Романов Федор Алексеевич;Romanov Fedor Alekseevich;09.06.1661;политик;politician
Родзянко Михаил Владимирович;Rodzyanko Mikhail Vladimirovich;21.02.1859;политик;politician
Сперанский Михаил Михайлович;Speransky Mikhail Mikhailovich;12.01.1772;политик;politician
Штюрмер Борис Владимирович;Shturmer Boris Vladimirovich;27.07.1848;политик;politician
Протопопов Александр Дмитриевич;Protopopov Alexander Dmitrievich;18.12.1866;политик;politician
Щегловитов Иван Григорьевич;Shcheglovitov Ivan Grigorievich;13.02.1861;политик;politician
Львов Георгий Евгеньевич;Lvov Georgy Evgenievich;02.11.1861;политик;politician
Эл Шарптон;Al Sharpton;02.04.1954;политик;politician
Эл Гор;Al Gore;31.03.1948;политик;politician
Авраам Линкольн;Abraham Lincoln;12.02.1809;политик;politician
Алан Гринспен;Alan Greenspan;06.04.1926;политик;politician
Алан Кейс;Alan Case;05.04.1939;политик;politician
Аарон Руссо;Aaron Russo;04.07.1962;политик;politician
Эйри Нив;Airey Neave;07.04.1981;политик;politician
Адам Прайс;Adam Price;09.05.1971;политик;politician
Роберт Гейтс;Robert Gates;25.09.1943;политик;politician
Альдо Моро;Aldo Moro;23.09.1916;политик;politician
Айвазовский Иван Константинович;Aivazovsky Ivan Konstantinovich;29.07.1817;художник;artist
Врубель Михаил Александрович;Vrubel Mikhail Alexandrovich;17.03.1856;художник;artist
Репин Илья Ефимович;Repin Ilya Efimovich;05.08.1844;художник;artist
Брюллов Карл Павлович;Bryullov Karl Pavlovich;12.12.1799;художник;artist
Левитан Исаак Ильич;Levitan Isaac Ilyich;30.08.1860;художник;artist
Саврасов Алексей Кондратьевич;Savrasov Alexey Kondratievich;24.05.1830;художник;artist
Верещагин Василий Васильевич;Vereshchagin Vasily Vasilievich;26.10.1842;художник;artist
Серов Валентин Александрович;Serov Valentin Alexandrovich;19.01.1865;художник;artist
Суриков Василий Иванович;Surikov Vasily Ivanovich;24.01.1848;художник;artist
Нестеров Мхаил Васильевич;Nesterov Mkhail Vasilievich;31.05.1862;художник;artist
Венецианов Алексей Гаврилович;Venetsianov Alexey Gavrilovich;18.02.1780;художник;artist
Шишкин Иван Иванович;Shishkin Ivan Ivanovich;25.01.1832;художник;artist
Крамской Иван Николаевич;Kramskoy Ivan Nikolaevich;27.05.1837;художник;artist
Бенуа Александр Николаевич;Benois Alexander Nikolaevich;04.05.1870;художник;artist
Куинджи Архип Иванович;Kuindzhi Arkhip Ivanovich;27.01.1842;художник;artist
Кандинский Василий Васильевич;Kandinsky Vasily Vasilievich;16.12.1866;художник;artist
Глазунорв Илья Сергеевич;Glazunorv Ilya Sergeevich;10.06.1930;художник;artist
Поленов Василий Дмитриевич;Polenov Vasily Dmitrievich;01.06.1844;художник;artist
Василий Григорьевич Перов;Vasily Grigorievich Perov;01.06.1844;художник;artist
Малевич Казимир Северинович;Malevich Kazimir Severinovich;23.02.1879;художник;artist
Шагал Марк Захарович;Chagall Mark Zakharovich;07.07.1887;художник;artist
Григорьев Борис Дмитриевич;Grigoriev Boris Dmitrievich;11.07.1886;художник;artist
Ларионов Михаил Федеорович;Larionov Mikhail Fedeorovich;03.06.1881;художник;artist
Тропинин Василий Андреевич;Tropinin Vasily Andreevich;30.03.1776;художник;artist
Коровин Константин Алексеевич;Korovin Konstantin Alekseevich;05.12.1861;художник;artist
Грабарь Игорь Эммануилович;Grabar Igor Emmanuilovich;25.03.1871;художник;artist
Ге Николай Николаевич;Ge Nikolay Nikolaevich;27.02.1831;художник;artist
Кустодиев Борис Михайлович;Kustodiev Boris Mikhailovich;07.03.1878;художник;artist
Серебрякова Зинаида Евгеньевна;Serebryakova Zinaida Evgenevna;28.11.1884;художник;artist
Кипренский Орест Адамович;Kiprensky Orest Adamovich;24.03.1782;художник;artist
Пименов Юрий Иванович;Pimenov Yuri Ivanovich;26.11.1903;художник;artist
Иванов Александр Андреевич;Ivanov Alexander Andreevich;16.07.1806;художник;artist
Малявин Филипп Андреевич;Malyavin Philip Andreevich;11.10.1869;художник;artist
Сомов Константин Андреевич;Somov Konstantin Andreevich;30.11.1869;художник;artist
Васенцов Виктор Михайлович;Vasentsov Viktor Mikhailovich;15.05.1848;художник;artist
Константин Егорович Маковский;Konstantin Egorovich Makovsky;02.07.1839;художник;artist
Дейнека Александр Александрович;Deineka Alexander Alexandrovich;20.05.1899;художник;artist
Рерих Николай Константинович;Roerich Nikolai Konstantinovich;09.10.1874;художник;artist
Гончарова Наталья Сергеевна;Goncharova Natalya Sergeevna;21.06.1881;художник;artist
Бакст Лев Самойлович;Bakst Lev Samoilovich;27.01.1866;художник;artist
Петров-Водкин Кузьма Сергеевич;Petrov-Vodkin Kuzma Sergeevich;05.11.1878;художник;artist
Кабаков Илья Иосифович;Kabakov Ilya Iosifovich;30.09.1933;художник;artist
Филонов Павел Николаевич;Filonov Pavel Nikolaevich;08.01.1883;художник;artist
Лентулов Аристарх Васильевич;Lentulov Aristarkh Vasilievich;16.01.1882;художник;artist
Лисицкий Лазарь Маркович;Lisitsky Lazar Markovich;22.11.1890;художник;artist
Ларионов Михаил Федеорович;Larionov Mikhail Fedeorovich;03.06.1881;художник;artist
Семирадский Генрих Эпполитович;Semiradsky Heinrich Eppolitovich;24.10.1843;художник;artist
Лагорио Лев Феликсович;Lagorio Lev Feliksovich;16.06.1827;художник;artist
Харламов Алексей Алексеевич;Kharlamov Alexey Alekseevich;18.10.1840;художник;artist
Богданов-Бельский Николай Петрович;Bogdanov-Belsky Nikolai Petrovich;08.12.1868;художник;artist
Попков Виктор Ефимович;Popkov Viktor Efimovich;09.03.1932;художник;artist
Роткович Маркус Янкелевич;Rotkovich Markus Yankelevich;25.09.1903;художник;artist
Сутин Хаим Соломонович;Soutine Chaim Solomonovich;13.01.1893;художник;artist
Кузнецов Павел Ворфоломеивич;Kuznetsov Pavel Vorfolomeevich;17.11.1878;художник;artist
Фешин Николай Иванович;Feshin Nikolay Ivanovich;08.12.1881;художник;artist
Леонардо да Винчи;Leonardo da Vinci;15.04.1452;художник;artist
Рафаэль Санти;Rafael Santi;06.07.1483;художник;artist
Микеланджело Буонарроти;Michelangelo Buonarroti;06.03.1475;художник;artist
Винсент Ван Гог;Vincent Van Gogh;30.03.1853;художник;artist
Клод Моне;Claude Monet;14.11.1840;художник;artist
Пабло Пикассо;Pablo Picasso;25.10.1881;художник;artist
Сальвадор Дали;Salvador Dali;11.05.1894;художник;artist
Анри Матисс;Henri Matisse;31.12.1869;художник;artist
Эдвард Мунк;Edvard Munch;12.12.1863;художник;artist
Фрида Кало;Frida Kahlo;06.07.1907;художник;artist
Блок Александр Александрович;Blok Alexander Alexandrovich;28.11.1880;писатель;writer
Булгаков Михаил Афанасьевич;Bulgakov Mikhail Afanasyevich;15.05.1891;писатель;writer
Шолохов Михаил Александрович;Sholokhov Mikhail Alexandrovich;24.05.1905;писатель;writer
Бабаель Исаак Эммануилович;Babael Isaac Emmanuilovich;30.06.1894;писатель;writer
Гоголь Николай Васильевич;Gogol Nikolay Vasilievich;19.03.1809;писатель;writer
Набоков Владимир Владимирович;Nabokov Vladimir Vladimirovich;22.04.1899;писатель;writer
Пастернак Борис Леонидович;Pasternak Boris Leonidovich;10.02.1890;писатель;writer
Солженицын Александр Исаевич;Solzhenitsyn Alexander Isaevich;11.12.1918;писатель;writer
Толстой Алексей Николаевич;Tolstoy Alexey Nikolaevich;10.01.1883;писатель;writer
Пришвин Михаил михайлович;Prishvin Mikhail Mikhailovich;04.02.1873;писатель;writer
Некрасов Виктор Платонович;Nekrasov Viktor Platonovich;17.06.1911;писатель;writer
Ремизов Алексей Михайлович;Remizov Alexey Mikhailovich;06.07.1877;писатель;writer
Маяковский  Владимир Владимирович;Mayakovsky Vladimir Vladimirovich;19.07.1893;писатель;writer
Аксенов Василий Павлович;Aksenov Vasily Pavlovich;20.08.1932;писатель;writer
Чехов Антон Павлович;Chekhov Anton Pavlovich;29.01.1860;писатель;writer
Есенин Сергей Александрович;Yesenin Sergey Alexandrovich;21.09.1895;писатель;writer
Достоевский Федор Михайлович;Dostoevsky Fyodor Mikhailovich;11.11.1821;писатель;writer
Паустовский Константин Георгиевич;Paustovsky Konstantin Georgievich;31.05.1892;писатель;writer
Ильф Илья Арнольдович;Ilf Ilya Arnoldovich;15.10.1897;писатель;writer
Катаев Евгений Петрович (Петров);Kataev Evgeniy Petrovich (Petrov);13.12.1902;писатель;writer
Шукшин Василий Макарович;Shukshin Vasily Makarovich;25.07.1929;писатель;writer
Довлатов Сергей Довлатов;Dovlatov Sergey Dovlatov;03.09.1941;писатель;writer
Стругатский Борис Натанович;Strugatsky Boris Natanovich;15.04.1933;писатель;writer
Пелевин Виктор Олегович;Pelevin Viktor Olegovich;22.11.1962;писатель;writer
Быков Дмитрий Львович;Bykov Dmitry Lvovich;20.12.1967;писатель;writer
Ахматова Анна Андреевна;Akhmatova Anna Andreevna;23.06.1889;писатель;writer
Толстой Лев Николаевич;Tolstoy Lev Nikolaevich;09.09.1828;писатель;writer
Лермонтов Михаил Юрьевич;Lermontov Mikhail Yurievich;15.10.1814;писатель;writer
Горький Максим (Пешков);Gorky Maxim (Peshkov);28.03.1868;писатель;writer
Зощенко Михаил Михайлович;Zoshchenko Mikhail Mikhailovich;10.08.1894;писатель;writer
Пушкин Александр Сергеевич;Pushkin, Alexander Sergeyevich;06.06.1799;писатель;writer
Куприн Александр Иванович;Kuprin Alexander Ivanovich;07.09.1870;писатель;writer
Тургенев Иван Сергеевич;Turgenev Ivan Sergeevich;09.11.1818;писатель;writer
Платонов Андрей Платонович;Platonov Andrey Platonovich;28.08.1899;писатель;writer
Грибоедов Алексндр Сергеевич;Griboedov Aleksandr Sergeevich;15.01.1795;писатель;writer
Островский Александр Николаевич;Ostrovsky Alexander Nikolaevich;12.04.1823;писатель;writer
Мандельштам Осип Эмильевич;Mandelstam Osip Emilievich;15.01.1891;писатель;writer
Олеша Юрий Карлович;Olesha Yuri Karlovich;03.03.1899;писатель;writer
Тютчев Федор Иванович;Tyutchev Fedor Ivanovich;05.12.1803;писатель;writer
Каатаев Валентин Петрович;Kaataev Valentin Petrovich;28.01.1897;писатель;writer
Исаак Юдович Азимов (Айзек) ;Isaac Yudovich Azimov (Isaac);02.01.1920;писатель;writer
Семенов Юлиан Семенович;Semenov Yulian Semenovich;08.10.1931;писатель;writer
Чуковский Корней Иванович;Chukovsky Korney Ivanovich;31.03.1882;писатель;writer
Тарковский Андрей Арсентьевич;Tarkovsky Andrey Arsentievich;04.04.1932;писатель;writer
Карамзин Николай Михайлович;Karamzin Nikolai Mikhailovich;12.12.1766;писатель;writer
Пожаров Александр Анатольевич (Шура Каретный);Pozharov Alexander Anatolyevich (Shura Karetny);12.12.1950;писатель;writer
Маршак Самуил Яковлевич;Marshak Samuil Yakovlevich;03.11.1887;писатель;writer
Бродский Иосиф Александрович;Brodsky Joseph Alexandrovich;24.05.1940;писатель;writer
Рерих Николай Константинович;Roerich Nikolai Konstantinovich;09.10.1874;писатель;writer
Даль Владимир Иванович;Dal Vladimir Ivanovich;10.11.1801;писатель;writer
Волошин Максимилиан Александрович;Voloshin Maximilian Alexandrovich;28.05.1877;писатель;writer
Лотарев Игорь Васильевич (Северянин);Lotarev Igor Vasilievich (Severyanin);16.05.1887;писатель;writer
Высоцкий Владимир Семенович;Vysotsky Vladimir Semenovich;25.01.1938;писатель;writer
Левков Николай Семенович;Levkov Nikolay Semenovich;16.02.1831;писатель;writer
Астафьев Виктор Петрович;Astafiev Viktor Petrovich;01.05.1924;писатель;writer
Салтыков-Щедрин Михаил Евграфович;Saltykov-Shchedrin Mikhail Evgrafovich;27.01.1826;писатель;writer
Гончаров Иван Александрович;Goncharov Ivan Alexandrovich;18.06.1812;писатель;writer
Михалков Сергей Владимирович;Mikhalkov Sergey Vladimirovich;13.03.1913;писатель;writer
Чернышевский Николай Гаврилович;Chernyshevsky Nikolai Gavrilovich;12.07.1828;писатель;writer
Фонвизин Денис Иванович;Fonvizin Denis Ivanovich;03.04.1745;писатель;writer
Гиппиус Зинаида Николаевна;Gippius Zinaida Nikolaevna;20.11.1869;писатель;writer
Радищев Александр Николаевич;Radishchev Alexander Nikolaevich;31.08.1749;писатель;writer
Андреев Михаил Васильевич;Andreev Mikhail Vasilievich;06.01.1954;писатель;writer
Шмелев Иван Сергеевич;Shmelev Ivan Sergeevich;03.10.1873;писатель;writer
Каримов Мустафа Сафич (Мустай Карим);Karimov Mustafa Safich (Mustai Karim);20.10.1919;писатель;writer
Фадеев Александр Александрович;Fadeev Alexander Alexandrovich;24.12.1901;писатель;writer
Драгунский Виктор Юзефович;Dragunsky Viktor Yuzefovich;01.12.1913;писатель;writer
Гайдар Аркадий Петрович;Gaidar Arkady Petrovich;22.01.1904;писатель;writer
Арсеньев Владимир Клавдиевич;Arsenyev Vladimir Klavdievich;10.09.1872;писатель;writer
Васильев Борис Львович;Vasiliev Boris Lvovich;21.05.1924;писатель;writer
Плещеев Алексей Николаевич;Pleshcheev Alexey Nikolaevich;04.12.1825;писатель;writer
Шварц Евгений Львович;Schwartz Evgeniy Lvovich;21.10.1896;писатель;writer
Успенский Эдуард Николаевич;Uspensky Eduard Nikolaevich;22.12.1937;писатель;writer
Беляев Александр Романович;Belyaev Alexander Romanovich;05.01.1949;писатель;writer
Галич Александр Аркадьевич;Galich Alexander Arkadevich;19.10.1918;писатель;writer
Пикуль Валентин Саввич;Pikul Valentin Savvich;13.07.1928;писатель;writer
Нагибин Юрий Маркович;Nagibin Yuri Markovich;03.04.1920;писатель;writer
Евтушенко Евгениий Александрович;Evtushenko Evgeniy Alexandrovich;18.07.1932;писатель;writer
Белый Аркадий Львович;Bely Arkady Lvovich;31.05.1973;писатель;writer
Заходер Борис Владимирович;Zakhoder Boris Vladimirovich;09.09.1918;писатель;writer
Грин Александр Степанович;Green Alexander Stepanovich;23.08.1880;писатель;writer
Жженов Георгий Степанович;Zhzhenov Georgy Stepanovich;22.03.1915;писатель;writer
Придворов Ефим Алексеевич ;Pridvorov Efim Alekseevich;13.04.1883;писатель;writer
Гальперина Элеонора Яковлевна ;Galperina Eleonora Yakovlevna;14.04.1912;писатель;writer
Бажов Павел Петрович;Bazhov Pavel Petrovich;27.01.1879;писатель;writer
Костомаров Николай Иванович;Kostomarov Nikolay Ivanovich;16.05.1817;писатель;writer
Андронников Ираклий Луарсабович;Andronnikov Irakli Luarsabovich;28.09.1908;писатель;writer
Гранин Даниил Александрович;Granin Daniil Alexandrovich;01.01.1919;писатель;writer
Островский Николай Алексеевич;Ostrovsky Nikolay Alekseevich;29.09.1904;писатель;writer
Битов Андрей Георгиевич;Bitov Andrey Georgievich;27.05.1937;писатель;writer
Арканов Аркадий Михайлович;Arkanov Arkady Mikhailovich;07.06.1933;писатель;writer
Ширвиндт Александр Анатольевич;Shirvindt Alexander Anatolievich;19.06.1934;писатель;writer
Филатов Леонид Алексеевич;Filatov Leonid Alekseevich;24.12.1946;писатель;writer
Любимцев Павел Евгеньевич;Lyubimtsev Pavel Evgenievich;19.07.1957;писатель;writer
Рындзюн Владимир Ильич;Ryndzyun Vladimir Ilyich;08.03.1894;писатель;writer
Шелохов Михаил Александрович;Shelokhov Mikhail Alexandrovich;24.05.1905;писатель;writer
Татищев Василий Никитич;Tatishchev Vasily Nikitich;29.04.1686;писатель;writer
Цой Виктор Робертович;Tsoi Viktor Robertovich;21.06.1962;писатель;writer
Круг Михаил Владимирович;Krug Mikhail Vladimirovich;07.04.1962;писатель;writer
Розенбаум Александр Яковлевич;Rosenbaum Alexander Yakovlevich;13.09.1951;писатель;writer
Аркадий Дмитриевич Северный;Arkady Dmitrievich Severny;12.03.1939;писатель;writer
Хомяков Алексей Степанович;Khomyakov Alexey Stepanovich;13.05.1804;писатель;writer
Герцен Александр Иванович;Herzen Alexander Ivanovich;06.04.1812;писатель;writer
Писарев Дмитрий Иванович;Pisarev Dmitry Ivanovich;02.10.1840;писатель;writer
Добролюбов Николай Александрович;Dobrolyubov Nikolay Alexandrovich;05.02.1836;писатель;writer
Замятин Евгений Иванович;Zamyatin Evgeniy Ivanovich;01.02.1884;писатель;writer
Азимов Исаак Юдович ;Azimov Isaac Yudovich;02.01.1920;писатель;writer
Джейн Остин;Jane Austen;16.12.1775;писатель;writer
Уильям Шекспир;William Shakespeare;26.04.1564;писатель;writer
Оливер Генри;Oliver Henry;11.09.1862;писатель;writer
Эрнест Хемингуэй;Ernest Hemingway;21.07.1899;писатель;writer
Эрих Мария Ремарк;Erich Maria Remarque;22.06.1898;писатель;writer
Маргарет Митчелл;Margaret Mitchell;08.11.1900;писатель;writer
Джек Лондон;Jack London;12.01.1876;писатель;writer
Стивен Кинг;Stephen King;21.09.1947;писатель;writer
Джордж Оруэлл;George Orwell;25.06.1903;писатель;writer
Клайв Стейплз Льюис;Clive Staples Lewis;29.11.1898;писатель;writer
Джон Рональд Руэл Толкин;John Ronald Reuel Tolkien;03.01.1892;писатель;writer
Харпер Ли;Harper Lee;28.04.1926;писатель;writer
Фрэнсис Скотт Фицджеральд;Francis Scott Fitzgerald;24.09.1896;писатель;writer
Майн Рид;Mayne Reid;04.04.1818;писатель;writer
Жюль Верн;Jules Verne;08.02.1828;писатель;writer
Маркс Карл;Marx Karl;05.05.1818;теоретик;theorist
Энгельс Фридрих;Engels Friedrich;28.11.1820;теоретик;theorist
Дарвин Чарльз;Darwin Charles;12.02.1809;теоретик;theorist
Зиновьев Александр Александрович;Zinoviev Alexander Alexandrovich;29.10.1922;теоретик;theorist
 Сатановский Евгений Янович;Satanovsky Evgeniy Yanovich;15.06.1959;теоретик;theorist
Четверикова Ольга Николаевна;Chetverikova Olga Nikolaevna;18.06.1959;теоретик;theorist
Шваб Клаус;Schwab Klaus;30.03.1938;теоретик;theorist
Геккель Эрнст Генрих;Haeckel Ernst Heinrich;16.02.1834;теоретик;theorist
Струмилмн Станислав Густавович;Strumilmn Stanislav Gustavovich;29.01.1877;теоретик;theorist
Кнорозов Юрий Валентинович;Knorozov Yuri Valentinovich;19.11.1922;теоретик;theorist
Малдасена  Хуан;Maldacena  Juan;10.09.1968;теоретик;theorist
Мандельстам  Стэнли;Mandelstam  Stanley;12.12.1928;теоретик;theorist
Матинян  Сергей Гайкович;Matinyan Sergey Gaikovich;08.01.1931;теоретик;theorist
Мерцбахер  Ойген;Merzbacher Eugen;09.04.1921;теоретик;theorist
Миллс  Роберт;Mills  Robert;15.04.1927;теоретик;theorist
Мураяма  Хитоси;Murayama Hitoshi;21.03.1964;теоретик;theorist
Мэсси  Уолтер;Massey  Walter;05.04.1938;теоретик;theorist
Сасскинд  Леонард;Susskind Leonard;20.05.1940;теоретик;theorist
Сирлин  Альберто;Sirlin Alberto;25.11.1930;теоретик;theorist
Слейтер  Джон Кларк;Slater  John Clark;22.12.1900;теоретик;theorist
Смолин  Ли;Smolin Lee;06.06.1955;теоретик;theorist
Бадыров Павел Олегович;Badyrov Pavel Olegovich;09.04.1964;спортсмен;sportsman
Буше Рид;Boucher Reid;08.09.1993;спортсмен;sportsman
Бьюгстад  Ник;Bjugstad Nick;17.07.1992;спортсмен;sportsman
Бэйлен  Ник;Baylen Nick;12.12.1989;спортсмен;sportsman
Бэкес  Дэвид;Backes David;01.05.1984;спортсмен;sportsman
Хидилин Ф. Диас;Hidilyn F. Diaz;20.02.1991;спортсмен;sportsman
Хафтор Юлиус Бьёрнссон;Hafthor Julius Bjornsson;26.11.1988;спортсмен;sportsman
Лэнс Армстронг;Lance Armstrong;18.09.1971;спортсмен;sportsman
Усэйн Болт;Usain Bolt;21.08.1986;спортсмен;sportsman
Джон Ричард Брзенк;John Richard Brzenk;15.07.1964;спортсмен;sportsman
Ричард Ли Цумвальт;Richard Lee Zumwalt;24.09.1951;спортсмен;sportsman
Распутин Григорий Ефимович;Rasputin Grigory Efimovich;21.01.1869;эзотерик;esoteric
Рерих Николай Константинович;Roerich Nikolai Konstantinovich;09.10.1874;эзотерик;esoteric
Блаватская Елена Петровна;Blavatskaya Elena Petrovna;12.08.1831;эзотерик;esoteric
Вангелия Пандева Гуштерова;Vangeliya Pandeva Gushterova;31.01.1911;эзотерик;esoteric
Евгения Ювашевна Давиташвили;Evgenia Yuvashevna Davitashvili;22.07.1949;эзотерик;esoteric
Толстой Лев Николаевич;Tolstoy Lev Nikolaevich;09.09.1828;эзотерик;esoteric
Вольф Мессинг;Wolf Messing;10.09.1899;эзотерик;esoteric
Жерар Анаклет Венсан;Gerard Anaclet Vincent;13.07.1865;эзотерик;esoteric
Антон Лавей;Anton Lavey;11.04.1930;эзотерик;esoteric
Хануссен Эрик Ян;Hanussen Eric Jan;02.07.1889;эзотерик;esoteric
Мария Лаво;Maria Laveau;10.10.1801;эзотерик;esoteric
Ури Геллер;Uri Geller;20.12.1946;эзотерик;esoteric
Эдгар Кейси;Edgar Cayce;18.03.1877;эзотерик;esoteric
Марсилио Фичини;Marsilio Ficini;19.10.1433;эзотерик;esoteric
Антуан Фабр дОливье;Antoine Fabre Dolivier;08.12.1767;эзотерик;esoteric
Рон Хаббард;Ron Hubbard;13.05.1911;эзотерик;esoteric
Серафим Саровский;Seraphim of Sarov;30.07.1754;эзотерик;esoteric
Гундяев Владимир Михайлович ;Gundyaev Vladimir Mikhailovich ;20.11.1946;эзотерик;esoteric
Пеладан  Жозеф;P?ladan Joseph;28.03.1858;эзотерик;esoteric
Пентланд  Джон;Pentland John;06.06.1907;эзотерик;esoteric
Джон Ди;John Dee;13.07.1527;эзотерик;esoteric
Мария Ленорман;Maria Lenormand;07.05.1772;эзотерик;esoteric
Алистер Кроули;Aleister Crowley;12.10. 1875;эзотерик;esoteric
Джидду Кришнамурти;Jiddu Krishnamurti;12.05.1895;эзотерик;esoteric
Рудольф Штейнер ;Rudolf Steiner;27.02.1861;эзотерик;esoteric
Бхагван Шри Раджниш;Bhagwan Shree Rajneesh;11.12.1931;эзотерик;esoteric
Марджори Кэмерон;Marjorie Cameron;23.04.1922;эзотерик;esoteric
Прокофьев Сергей Сергеевич;Prokofiev Sergey Sergeevich;23.04.1891;композитор;composer
Стравинский Игорь Федеорович;Stravinsky Igor Fedeorovich;17.06.1882;композитор;composer
Рахманинов Сергей Васильевич;Rachmaninov Sergei Vasilievich;01.04.1873;композитор;composer
Шостакович Дмитрий Дмитриевич;Shostakovich Dmitry Dmitrievich;25.09.1906;композитор;composer
Чайковский Петр Ильич;Tchaikovsky Pyotr Ilyich;07.05.1840;композитор;composer
Глинка Михаил Иванович;Glinka Mikhail Ivanovich;01.06.1804;композитор;composer
Муссоргский Модест Петрович;Mussorgsky Modest Petrovich;21.03.1839;композитор;composer
Скрябин Александр Николаевич;Skryabin Alexander Nikolaevich;06.01.1872;композитор;composer
Римский-Корсаков Никлоай Андреевич;Rimsky-Korsakov Nikloai Andreevich;18.03.1844;композитор;composer
Бородин Александр Парфирьевич;Borodin Alexander Parfirievich;12.11.1833;композитор;composer
Грибоедов Александр Сергеевич;Griboyedov Alexander Sergeevich;15.01.1795;композитор;composer
Глазунов Александр Константинович;Glazunov Alexander Konstantinovich;10.08.1865;композитор;composer
Таривердиев Микаэл Леонович;Tariverdiev Mikael Leonovich;15.08.1931;композитор;composer
Дунаевский Исаак Осипович;Dunaevsky Isaac Osipovich;30.01.1900;композитор;composer
Драгомыжский Александр Сергеевич;Dragomyzhsky Alexander Sergeevich;14.02.1813;композитор;composer
Щедрин Радион Константинович;Shchedrin Radion Konstantinovich;16.12.1932;композитор;composer
Шнитке Альфред Гарриевич;Schnittke Alfred Garrievich;24.11.1934;композитор;composer
Лядов Анатолий Константинович;Lyadov Anatoly Konstantinovich;11.05.1855;композитор;composer
Рубинштейн Григорьевич Рубинштейн;Rubinstein Grigorievich Rubinstein;28.11.1829;композитор;composer
Бортянский Степан Дмитриевич;Bortyansky Stepan Dmitrievich;28.10.1751;композитор;composer
Кабалевский Дмитрий Борисович;Kabalevsky Dmitry Borisovich;30.12.1904;композитор;composer
Свиридов Георгий Васильевич;Sviridov Georgy Vasilievich;16.12.1915;композитор;composer
Танеев Сергей Иванович;Taneyev Sergey Ivanovich;25.11.1856;композитор;composer
Пахмутова Александра Николаевна;Pakhmutova Alexandra Nikolaevna;09.11.1929;композитор;composer
Зацепин Александр Сергеевич;Zatsepin Alexander Sergeevich;10.03.1926;композитор;composer
Крылатов Евгений Павлович;Krylatov Evgeniy Pavlovich;23.02.1934;композитор;composer
Дунаевский Максим Исаакович;Dunaevsky Maxim Isaakovich;15.01.1945;композитор;composer
Рыбников Алексей Львович;Rybnikov Alexey Lvovich;17.07.1945;композитор;composer
Артемьев Эдуард Николаевич;Artemyev Eduard Nikolaevich;30.11.1937;композитор;composer
Шаинский Владимир Яковлевич;Shainsky Vladimir Yakovlevich;12.12.1925;композитор;composer
Дога Евгений Дмитриевич;Doga Evgeniy Dmitrievich;01.03.1937;композитор;composer
Тухманов Давид Федорович;Tukhmanov David Fedorovich;20.07.1940;композитор;composer
Дербенев Леонид Петрович;Derbenev Leonid Petrovich;12.04.1931;композитор;composer
Резник Илья Рахмиэлевич;Reznik Ilya Rakhmielevich;04.04.1938;композитор;composer
Мартынов Владимир Иванович;Martynov Vladimir Ivanovich;20.02.1946;композитор;composer
Добронравов Николай Николаевич;Dobronravov Nikolay Nikolaevich;22.11.1928;композитор;composer
Карл Мария фон Вебер;Carl Maria von Weber;18.11.1786;композитор;composer
Джоаккино Россини;Gioachino Rossini;29.02.1792;композитор;composer
Франц Шуберт;Franz Schubert;31.01.1797;композитор;composer
Гаэтано Доницетти;Gaetano Donizetti;29.11.1797;композитор;composer
Винченцо Беллини;Vincenzo Bellini;03.11.1801;композитор;composer
Гектор Берлиоз;Hector Berlioz;11.12.1803;композитор;composer
Феликс Мендельсон  Бартольди;Felix Mendelssohn Bartholdy;03.02.1809;композитор;composer
Фридерик Шопен;Fryderyk Chopin;01.03.1810;композитор;composer
Роберт Шуман;Robert Schumann;08.06.1810;композитор;composer
Ференц   Лист;Franz Liszt;22.10.1811;композитор;composer
Рихард Вагнер;Richard Wagner;22.05.1813;композитор;composer
Пеньковский Олег Владимирович;Penkovsky Oleg Vladimirovich;23.04.1919;преступник;criminal
Калугин Олег Данилович;Kalugin Oleg Danilovich;06.09.1934;преступник;criminal
Керенский Александр Федорович;Kerensky Alexander Fedorovich;04.05.1881;преступник;criminal
Власов Андрей Андреевич;Vlasov Andrey Andreevich;14.09.1901;преступник;criminal
Макарова Антонина Макаровна;Makarova Antonina Makarovna;01.03.1920;преступник;criminal
Хольмстон-Смысловский Борис Алексеевич;Holmston-Smyslovsky Boris Alekseevich;03.12.1897;преступник;criminal
Васюра Григорий Никитович;Vasyura Grigory Nikitovich;09.02.1915;преступник;criminal
Каминский Бронислав Владимирович;Kaminsky Bronislav Vladimirovich;16.06.1899;преступник;criminal
Краснов Петр Николаевич;Krasnov Petr Nikolaevich;22.09.1869;преступник;criminal
Шкуро Андрей Григорьевич;Shkuro Andrey Grigorievich;19.01.1887;преступник;criminal
Скоропадский Павел Петрович;Skoropadsky Pavel Petrovich;15.05.1873;преступник;criminal
Петлюра Симон Васильевич;Petliura Simon Vasilievich;22.05.1879;преступник;criminal
Бандера Степан Андреевич;Bandera Stepan Andreevich;01.01.1909;преступник;criminal
Шухевич Роман Иосифович;Shukhevich Roman Iosifovich;30.06.1907;преступник;criminal
Толкачев Адольф Георгиевич;Tolkachev Adolf Georgievich;06.01.1927;преступник;criminal
Попов Петр Семенович;Popov Petr Semenovich;25.07.1923;преступник;criminal
Полищук Леонид Георгиевич;Polishchuk Leonid Georgievich;21.03.1938;преступник;criminal
Ветров Владимир Ипполитович;Vetrov Vladimir Ippolitovich;19.10.1923;преступник;criminal
Менгеле Иозеф;Mengele Joseph;16.03.1911;преступник;criminal
Чарльз Мэнсон;Charles Manson;12.11.1934;преступник;criminal
Пабло Эскобар;Pablo Escobar;01.12.1949;преступник;criminal
Капоне Аль;Capone Al;17.01.1899;преступник;criminal
Абигнейл Фрэнк;Abagnale Frank;27.04.1948;преступник;criminal
Тед Банди;Ted Bundy;24.11.1946;преступник;criminal
Джон Уэйн Гейси;John Wayne Gacy;17.03.1942;преступник;criminal
Джим Джонс;Jim Jones;15.06.1976;преступник;criminal
Джеффри Дамер;Jeffrey Dahmer;21.05.1960;преступник;criminal
Педро Алонсо Лопес;Pedro Alonso Lopez;08.10.1948;преступник;criminal
Гарольд Шипман;Harold Shipman;14.01.1946;преступник;criminal
Хиль Эдуард Анатольевич;Khil Eduard Anatolievich;04.09.1934;певец;singer
Утесов Леонид Осипович;Utesov Leonid Osipovich;21.03.1895;певец;singer
Антонов Юрий Михайлович;Antonov Yuri Mikhailovich;19.02.1945;певец;singer
Кобзон Юрий Михайлович;Kobzon Yuri Mikhailovich;11.09.1937;певец;singer
Буйнов Александр Николаевич;Buynov Alexander Nikolaevich;24.03.1950;певец;singer
Калугин Сергей Александрович ;Kalugin Sergey Alexandrovich;09.04.1967;певец;singer
Агузарова Жанна Хасановна;Aguzarova Zhanna Khasanovna;07.07.1962;певец;singer
Алегрова Ирина Александровна;Alegrova Irina Alexandrovna;20.01.1952;певец;singer
Пугачева Алла Борисовна ;Pugacheva Alla Borisovna;15.04.1949;певец;singer
Ротару София Михайловна;Rotaru Sofia Mikhailovna;07.08.1947;певец;singer
Чапрага Надежда Алексеевна;Chapraga Nadezhda Alekseevna;01.09.1956;певец;singer
Мина Берри;Mina Berry;06.04.1923;певец;singer
Клара Бэрри;Clara Barry;17.10.1920;певец;singer
Полад Бюль Бюль Оглы;Polad Bul Bul Ogly;04.02.1945;певец;singer
Лещенко Лев Валерьянович;Leshchenko Lev Valeryanovich;01.02.1942;певец;singer
Сюткин Валерий Миладович;Syutkin Valery Miladovich;22.03.1958;певец;singer
Магомаев Муслим Магометович;Magomaev Muslim Magometovich;17.08.1942;певец;singer
Шаляпин Федор Иванович;Shalyapin Fedor Ivanovich;13.02.1873;певец;singer
Ободзинский Валерий Владимирович;Obodzinsky Valery Vladimirovich;24.01.1942;певец;singer
Отс Георг Карлович;Ots Georg Karlovich;21.03.1920;певец;singer
Мартынов Евгений Григорьевич;Martynov Evgeniy Grigorievich;22.05.1948;певец;singer
Лемешев Сергей Яковлевич;Lemeshev Sergey Yakovlevich;27.06.1902;певец;singer
Макаров Владимир Павлович;Makarov Vladimir Pavlovich;15.07.1932;певец;singer
Королев Анатолий Иванович;Korolev Anatoly Ivanovich;01.11.1942;певец;singer
Зыкина Людмила Георгиевна;Zykina Lyudmila Georgievna;10.06.1929;певец;singer
Великанова Гелена Марцелиевна;Velikanova Gelena Martselievna;27.02.1923;певец;singer
Трошин Владимир Константинович;Troshin Vladimir Konstantinovich;15.05.1926;певец;singer
Бернес Марк Наумович;Bernes Mark Naumovich;08.10.1911;певец;singer
Шульженко Клавдия Ивановна;Shulzhenko Klavdiya Ivanovna;24.03.1906;певец;singer
Кристалинская Майа Владимировна;Kristalinskaya Maya Vladimirovna;24.02.1932;певец;singer
Толкунова Валентина Васильевна;Tolkunova Valentina Vasilievna;12.07.1946;певец;singer
Сенчина Людмила Петровна;Senchina Lyudmila Petrovna;13.12.1950;певец;singer
Бродская Нина Александровна;Brodskaya Nina Alexandrovna;11.12.1947;певец;singer
Ара Аракелорвич Арсенян;Ara Arakelorvich Arsenyan;19.10.1930;певец;singer
Мордасова Мария Николаевна;Mordasova Maria Nikolaevna;14.02.1915;певец;singer
Миансарова Тамара Григорьевна;Miansarova Tamara Grigorievna;05.03.1931;певец;singer
Гуляев Юрий Александрович;Gulyaev Yuri Alexandrovich;09.09.1930;певец;singer
Лучано Паваротти;Luciano Pavarotti;12.10.1935;певец;singer
Роберт Плант;Robert Plant;20.08.1948;певец;singer
Фредди Меркьюри;Freddie Mercury; 05.09.1946;певец;singer
Пол Маккартни;Paul McCartney;18.06.1942 ;певец;singer
Фрэнк Синатра;Frank Sinatra;18.06.1942;певец;singer
Элвис Пресли;Elvis Presley;08.01.1935;певец;singer
Джон Леннон;John Lennon;09.10.1940;певец;singer
Стинг;Sting;02.10.1951;певец;singer
Дэвид Раффин;David Ruffin;18.01.1941;певец;singer
Боб Марли;Bob Marley;06.04.1945;певец;singer
Майкл Джексон;Michael Jackson;29.08.1958;певец;singer
Леди Гага;Lady Gaga;28.03.1986;певец;singer
Бритни Спирс;Britney Spears;02.12.1981;певец;singer
Эминем;Eminem;17.10.1972;певец;singer
Мадонна;Madonna;16.08.1958;певец;singer
Селин Дион;Celine Dion;30.03.1968;певец;singer
Джастин Бибер;Justin Bieber;01.03.1994;певец;singer
Тейлор Свифт;Taylor Swift;13.12.1989;певец;singer
Уитни Хьюстон;Whitney Houston;09.08.1963;певец;singer
Дэвид Боуи;David Bowie;08.01.1947;певец;singer
Гагарин Юрий Алексеевич;Gagarin Yuri Alekseevich;09.03.1934;первооткрыватели;discoverers
Чкалов Валерий Павлович;Chkalov Valery Pavlovich;02.02.1904;первооткрыватели;discoverers
Крузинштерн Иван Федорович;Kruzinstern Ivan Fedorovich;19.11.1771;первооткрыватели;discoverers
Конюхов Федор Филлипович;Konyukhov Fedor Fillipovich;12.12.1951;первооткрыватели;discoverers
Пржевальский Николай Михайлович;Przhevalsky Nikolai Mikhailovich;12.04.1839;первооткрыватели;discoverers
Терешкова Валентина Владимировна;Tereshkova Valentina Vladimirovna;06.03.1937;первооткрыватели;discoverers
Миклухо-Маклай Николай Николаевич;Miklouho-Maclay Nikolai Nikolaevich;17.07.1846;первооткрыватели;discoverers
Арсеньев Владимир Клавдиевич;Arsenyev Vladimir Klavdievich;10.09.1872;первооткрыватели;discoverers
Сенкеывич Юрий Александрович;Senkeevich Yuri Alexandrovich;04.03.1937;первооткрыватели;discoverers
Беренг Витус Ионассен ;Bereng Vitus Jonassen;12.08.1681;первооткрыватели;discoverers
Лисянский Юрий Федорович;Lisyansky Yuri Fedorovich;02.08.1773;первооткрыватели;discoverers
Головин Василий Михайлович;Golovin Vasily Mikhailovich;19.04.1776;первооткрыватели;discoverers
Беллинсгаузен Фаддей Фадеевич;Bellingshausen Faddey Fadeevich;20.09.1778;первооткрыватели;discoverers
Лазарев Михаил Петрович;Lazarev Mikhail Petrovich;14.04.1788;первооткрыватели;discoverers
Лисянский Юрий Федорович;Lisyansky Yuri Fedorovich;13.08.1773;первооткрыватели;discoverers
Дежнев Семен Иванович;Dezhnev Semyon Ivanovich;07.03.1605;первооткрыватели;discoverers
Литке Федор Петрович;Litke Fedor Petrovich;29.09.1797;первооткрыватели;discoverers
Сенявин Дмитрий Николаевич;Senyavin Dmitry Nikolaevich;17.08.1763;первооткрыватели;discoverers
Фрэнсис Дрейк;Francis Drake;15.10.1540;первооткрыватели;discoverers
Руаль Амундсен;Roald Amundsen;16.07.1872;первооткрыватели;discoverers
Америго Веспуччи;Amerigo Vespucci;09.03.1454;первооткрыватели;discoverers
Давид Ливингстон;David Livingston;19.03.1813;первооткрыватели;discoverers
Фернан Магеллан;Ferdinand Magellan;20.11.1480;первооткрыватели;discoverers
Васко да Гама;Vasco da Gama;03.09.1469;первооткрыватели;discoverers
Джеймс Кук;James Cook;27.10.1728;первооткрыватели;discoverers
Христофор Колумб;Christopher Columbus;31.10.1451;первооткрыватели;discoverers
Нелли Блай;Nellie Bly;05.05.1864;первооткрыватели;discoverers
Руаль Амундсен;Roald Amundsen;17.07.1872;первооткрыватели;discoverers
Семенов Петр Николаевич;Semenov Petr Nikolaevich;13.12.1791;воин;warrior
Матросов Александр Матвеевич;Matrosov Alexander Matveevich;05.02.1924;воин;warrior
Илья Григорьевич Старинов ;Ilya Grigorievich Starinov;20.07.1900;воин;warrior
Кожедуб Иван Никитович;Kozhedub Ivan Nikitovich;08.06.1920;воин;warrior
Чкалов Валерий Павлович;Chkalov Valery Pavlovich;02.02.1904;воин;warrior
Покрышкин Александр Иванович;Pokryshkin Alexander Ivanovich;06.03.1913;воин;warrior
Нестеров Михаил Васильевич;Nesterov Mikhail Vasilievich;31.05.1862;воин;warrior
Зоя Анатольевна Космодемьянская ;Kosmodemyanskaya Zoya;13.09.1923;воин;warrior
Карбышев Дмитрий Михайлович;Karbyshev Dmitry Mikhailovich;26.10.1880;воин;warrior
Сидор Артемьевич Ковпак;Sidor Artemyevich Kovpak;25.05.1887;воин;warrior
Зайцев Иван Григорьевич;Zaitsev Ivan Grigorievich;22.10.1916;воин;warrior
Арсен Сергеевич Павлов;Arsen Sergeevich Pavlov;02.01.1983;воин;warrior
Михаил Сергеевич Толстых;Mikhail Sergeevich Tolstykh;19.07.1980;воин;warrior
Панфилов Иван Васильевич;Panfilov Ivan Vasilievich;01.01.1893;воин;warrior
Павличенко Людмила Михайловна;Pavlichenko Lyudmila Mikhailovna;12.07.1916;воин;warrior
Николай Францевич Гастелло;Nikolai Frantsevich Gastello;06.05.1907;воин;warrior
Зинаида Мартыновна Портнова;Zinaida Martynovna Portnova;20.02.1926;воин;warrior
Алексей Петрович Маресьев;Alexey Petrovich Maresyev;07.05.1916;воин;warrior
Виктор Васильевич Талалихин;Viktor Vasilievich Talalikhin;01.09.1918;воин;warrior
Андрей Григорьевич Корзун;Andrey Grigorievich Korzun;12..12.1911;воин;warrior
Александр Викторович Герман;Alexander Viktorovich German;24.04.1915;воин;warrior
Владислав Владиславович Хрустицкий;Vladislav Vladislavovich Khrustitsky;27.10.1902;воин;warrior
Константин Сергеевич Заслонов;Konstantin Sergeevich Zaslonov;07.01.1942;воин;warrior
Ефим Ильич Осипенко;Efim Ilyich Osipenko;07.01.1902;воин;warrior
Матвей Кузьмич Кузьмин;Matvey Kuzmich Kuzmin;03.10.1858;воин;warrior
Леонид Александрович Голиков;Leonid Aleksandrovich Golikov;17.06.1926;воин;warrior
Зиновий Григорьевич Колобанов;Zinoviy Grigorievich Kolobanov;07.01.1911;воин;warrior
Иван Тимофеевич Лысенко;Ivan Timofeevich Lysenko;21.05.1914;воин;warrior
Василий Васильевич Огурцов;Vasily Vasilievich Ogurtsov;13.08.1917;воин;warrior
Константин Иосифович Недорубов;Konstantin Iosifovich Nedorubov;21.05.1889;воин;warrior
Иван Павлович Середа ;Ivan Pavlovich Sereda;01.07.1919;воин;warrior
Иван Филиппович Кузнецов;Ivan Filippovich Kuznetsov;28.12.1928;воин;warrior
Евгения Николаевна Завалий;Evgenia Nikolaevna Zavaliy;28.05.1921;воин;warrior
Николай Владимирович Сиротинин;Nikolai Vladimirovich Sirotinin;07.03.1921;воин;warrior
Александр Владимирович Захарченко ;Alexander Vladimirovich Zakharchenko;26.06.1976;воин;warrior
Баранов Михаил Дмитриевич;Baranov Mikhail Dmitrievich;21.10.1921;воин;warrior
 Ямамото Исороку;Yamamoto Isoroku;04.11.1884;воин;warrior
Джордж Паттон;George Patton;11.11.1885;воин;warrior
Томоюки Ямасита;Tomoyuki Yamashita;08.07.1886;воин;warrior
Маннергейм Карл Густав Эмиль Фон;Mannerheim Carl Gustav Emil Von;04.06.1867;воин;warrior
Эрих фон Манштейн;Erich von Manstein;24.11.1887;воин;warrior
Чан Кайши;Chiang Kai-shek;31.10.1881;воин;warrior
Монтгомери Бернард Лоу;Montgomery Bernard Law;17.11.1886;воин;warrior
Гудериан Хайнц Вильгельм ;Guderian Heinz Wilhelm;17.06.1888;воин;warrior
Эйзенхауэр Дуайт Дэвид ;Eisenhower Dwight David;14.10.1890;воин;warrior
Эрвин Роммель;Erwin Rommel;15.11.1891;воин;warrior
Костина Оксана Александровна;Kostina Oksana Alexandrovna;15.04.1972;рекордсмен;recordsman
Алина Маратовна Кабаева;Alina Maratovna Kabaeva;12.05.1983;рекордсмены;recordsman
Фёдор Владимирович Емельяненко ;Fedor Vladimirovich Emelianenko;28.09.1976;рекордсмены;recordsman
Власов Юрий Петрович;Vlasov Yuri Petrovich;05.12.1935;рекордсмены;recordsman
Карелин Александр Александрович ;Karelin Alexander Alexandrovich;19.09.1967;рекордсмены;recordsman
Валерий Борисович Харламов ;Valery Borisovich Kharlamov;14.01.1948;рекордсмены;recordsman
Третьяк Владислав Александрович;Tretyak Vladislav Alexandrovich;25.04.1952;рекордсмены;recordsman
Поддубный Иван Максимович;Poddubny Ivan Maksimovich;26.09.1871;рекордсмены;recordsman
Николай Сергеевич Валуев;Nikolai Sergeevich Valuev;21.08.1973;рекордсмены;recordsman
Иван Сергеевич Ярыгин;Ivan Sergeevich Yarygin;07.11.1948;рекордсмены;recordsman
Медведь Александр Васильевич;Medved Alexander Vasilievich;16.09.1937;рекордсмены;recordsman
Александр Павлович Шлеменко;Alexander Pavlovich Shlemenko;20.05.1984;рекордсмены;recordsman
Сальников Владимир Валерьевич;Salnikov Vladimir Valerievich;21.05.1960;рекордсмены;recordsman
Карпов Анатолий Евгеньевич;Karpov Anatoly Evgenievich;23.05.1951;рекордсмены;recordsman
Борис Николаевич Лагутин ;Boris Nikolaevich Lagutin;24.06.1938;рекордсмены;recordsman
Михаил Яковлевич Воронин;Mikhail Yakovlevich Voronin;26.03.1945;рекордсмены;recordsman
Виктор Данилович Санеев;Viktor Danilovich Saneev;03.10.1945;рекордсмены;recordsman
Елена Дмитриевна Белова;Elena Dmitrievna Belova;28.07.1947;рекордсмены;recordsman
Леонид Иванович Жаботинский;Leonid Ivanovich Zhabotinsky;28.01.1938;рекордсмены;recordsman
Павел Владимирович Буре;Pavel Vladimirovich Bure;31.03.1971;рекордсмены;recordsman
Александр Михайлович Овечкин;Alexander Mikhailovich Ovechkin;17.09.1985;рекордсмены;recordsman
Евгений Владимирович Малкин;Evgeniy Vladimirovich Malkin;31.07.1986;рекордсмены;recordsman
Наумова Марьяна Александровна;Naumova Maryana Alexandrovna;22.04.1999;рекордсмены;recordsman
Ольга Валентиновна Корбут;Olga Valentinovna Korbut;16.05.1955;рекордсмены;recordsman
Стаханов Алексей Григорьевич;Stakhanov Alexey Grigorievich;03.01.1906;рекордсмены;recordsman
Криштиану Роналду;Cristiano Ronaldo;05.02.1985;рекордсмены;recordsman
Усэйн Болт;Usain Bolt;21.08.1986;рекордсмены;recordsman
Джошуа Чептегей;Joshua Cheptegei;14.09.1991;рекордсмены;recordsman
Элиуд Кипчоге;Eliud Kipchoge;05.11.1989;рекордсмены;recordsman
Майк Пауэлл;Mike Powell;09.11.1963;рекордсмены;recordsman
Джонатан Эдвардс;Jonathan Edwards;06.01.1966;рекордсмены;recordsman
Хавьер Сотомайор;Javier Sotomayor;12.02.1967;рекордсмены;recordsman
Арман Дюплантис;Armand Duplantis;10.11.1988;рекордсмены;recordsman
Райан Краузер;Ryan Krauser;23.10.1973;рекордсмены;recordsman
Ян Железны;Jan Zelezny;10.09.1963;рекордсмены;recordsman
